	Signature.N1	Signature.N2	Signature.N3	Signature.N4
A[C>A]A	1.81E+01	3.32E+02	1.15E+01	2.22E-16
A[C>A]C	1.52E-02	2.44E+02	2.22E-16	1.35E+01
A[C>A]G	3.53E-03	6.43E+01	2.22E-16	1.03E+01
A[C>A]T	3.31E-16	2.57E+02	7.95E+00	1.65E-02
C[C>A]A	2.22E-16	2.39E+02	8.12E+00	3.26E+01
C[C>A]C	1.61E+01	1.40E+02	4.88E+01	1.27E+01
C[C>A]G	1.05E+01	4.50E+01	4.87E+00	4.71E+01
C[C>A]T	2.22E-16	2.28E+02	3.11E+01	9.69E-02
G[C>A]A	4.38E-06	1.90E+02	6.94E+00	1.45E+01
G[C>A]C	2.22E-16	1.02E+02	2.85E+01	2.93E+01
G[C>A]G	2.89E-02	5.17E+01	3.13E-03	2.91E-03
G[C>A]T	1.12E+01	1.48E+02	2.92E+01	6.90E-05
T[C>A]A	2.22E-16	1.88E+02	1.73E+01	4.48E+01
T[C>A]C	6.19E-02	1.28E+02	6.24E+00	6.00E+01
T[C>A]G	2.22E-16	3.61E+01	1.96E+00	3.17E+01
T[C>A]T	6.01E-09	2.22E+02	1.24E+01	2.22E+01
A[C>G]A	2.22E-16	1.64E+02	9.91E+00	4.70E+01
A[C>G]C	7.21E+00	7.90E+01	1.97E+01	3.92E+01
A[C>G]G	8.67E-03	2.22E-16	7.30E+00	5.45E+01
A[C>G]T	1.96E-02	1.53E+02	3.41E+01	6.94E+01
C[C>G]A	2.22E-16	5.03E+01	1.19E+01	5.37E+01
C[C>G]C	2.50E+01	2.97E+01	7.27E+01	1.05E+02
C[C>G]G	9.14E+00	6.35E+00	6.53E+00	7.35E+01
C[C>G]T	2.22E-16	9.33E+01	3.66E+01	1.21E+02
G[C>G]A	2.22E-16	8.69E+01	3.05E+01	1.68E+01
G[C>G]C	2.74E-10	5.61E+00	1.58E+02	4.62E+01
G[C>G]G	4.14E+00	2.80E+01	1.33E+01	3.04E+01
G[C>G]T	6.52E+01	5.04E+01	6.85E+01	1.76E+01
T[C>G]A	1.37E+01	4.11E+01	1.04E+01	8.75E+01
T[C>G]C	1.16E+01	1.73E+01	4.17E+01	1.42E+02
T[C>G]G	2.16E+01	3.65E+00	2.22E-16	5.86E+01
T[C>G]T	6.24E+01	6.53E+01	1.34E+01	1.83E+02
A[C>T]A	8.74E+02	3.68E+02	1.44E+02	7.46E+02
A[C>T]C	4.85E+02	2.19E+02	1.77E+02	2.19E+02
A[C>T]G	1.64E+02	3.38E+02	3.04E+01	2.33E+02
A[C>T]T	7.03E+02	1.45E+02	8.53E+01	2.62E+02
C[C>T]A	7.08E+02	3.00E+02	2.42E+02	4.19E+02
C[C>T]C	6.99E+02	9.37E+01	2.05E+02	2.05E+02
C[C>T]G	2.89E+02	2.63E+02	4.66E+01	2.94E+02
C[C>T]T	9.34E+02	1.51E+02	1.11E+02	3.34E+02
G[C>T]A	4.62E+02	1.80E+02	1.28E+03	1.97E+02
G[C>T]C	5.47E+02	1.88E-11	1.33E+03	2.35E-13
G[C>T]G	1.62E+02	1.51E+02	1.91E+02	1.37E+02
G[C>T]T	6.40E+02	1.08E+02	8.61E+02	2.05E+01
T[C>T]A	8.33E+02	6.56E+01	1.19E+02	4.03E+02
T[C>T]C	8.49E+02	1.34E+02	1.59E+02	2.27E+02
T[C>T]G	1.86E+02	1.05E+02	2.54E+01	1.98E+02
T[C>T]T	1.19E+03	1.39E+01	8.69E+01	3.56E+02
A[T>A]A	6.93E+01	1.27E+02	2.68E+01	8.43E+01
A[T>A]C	3.21E+01	1.01E+02	5.82E+01	3.17E+01
A[T>A]G	7.99E+01	1.57E+02	6.28E+01	9.96E+01
A[T>A]T	1.17E+02	2.48E+02	5.69E+01	2.89E-01
C[T>A]A	2.72E+01	8.50E+01	2.01E+01	8.92E+01
C[T>A]C	5.32E+01	5.94E+01	6.15E+01	1.05E+02
C[T>A]G	8.18E+01	2.11E+02	6.22E+01	1.80E+02
C[T>A]T	5.92E+01	2.21E+02	7.23E+01	5.77E+01
G[T>A]A	9.18E+00	1.08E+02	2.30E+01	1.64E+01
G[T>A]C	2.18E+01	3.07E+01	7.08E+01	2.27E+01
G[T>A]G	2.26E+01	8.30E+01	8.90E+01	7.24E+01
G[T>A]T	1.92E+01	1.11E+02	7.28E+01	4.33E+01
T[T>A]A	3.84E+01	1.58E+02	2.22E-16	5.08E+01
T[T>A]C	3.97E+01	5.49E+01	2.54E+01	5.10E+01
T[T>A]G	9.58E+01	1.43E+02	2.45E+01	7.20E+01
T[T>A]T	5.56E+01	1.97E+02	1.53E+01	1.62E+02
A[T>C]A	6.07E+01	1.40E+02	9.61E+01	8.01E+02
A[T>C]C	3.84E+01	7.41E+01	1.14E+02	1.78E+02
A[T>C]G	3.59E+01	1.08E+02	1.54E+02	6.41E+02
A[T>C]T	1.18E+02	2.25E+01	3.57E+01	9.41E+02
C[T>C]A	2.22E-16	7.86E+01	1.01E+02	1.67E+02
C[T>C]C	2.22E-16	1.27E+02	3.34E+02	3.92E+01
C[T>C]G	2.22E-16	1.73E+02	2.10E+02	1.85E+02
C[T>C]T	2.44E+01	1.08E+02	8.73E+01	1.50E+02
G[T>C]A	1.72E-07	5.42E+01	1.08E+02	2.30E+02
G[T>C]C	2.22E-16	6.81E-06	2.06E+02	6.87E+01
G[T>C]G	2.22E-16	5.68E+01	1.04E+02	4.45E+02
G[T>C]T	4.81E+01	2.22E-16	1.01E+02	2.03E+02
T[T>C]A	1.68E+01	3.37E+01	1.09E+02	2.37E+02
T[T>C]C	7.11E+00	3.97E+01	1.89E+02	1.06E+02
T[T>C]G	1.91E+01	1.18E+02	1.31E+02	1.45E+02
T[T>C]T	2.14E+01	6.37E+01	4.36E+01	3.60E+02
A[T>G]A	2.44E+01	2.22E-16	3.78E-04	8.03E+01
A[T>G]C	4.06E+00	2.23E+00	3.35E+00	5.22E+01
A[T>G]G	4.08E-02	2.65E+01	2.22E-16	9.99E+01
A[T>G]T	1.18E-02	1.62E+01	2.22E-16	1.00E+02
C[T>G]A	5.97E-04	8.81E+00	4.50E+00	4.49E+01
C[T>G]C	1.58E-03	2.37E+01	7.18E+00	5.69E+01
C[T>G]G	1.06E-02	8.41E+00	1.22E+01	1.37E+02
C[T>G]T	2.22E-16	1.98E+00	6.25E+00	1.17E+02
G[T>G]A	2.35E+00	5.28E-12	1.08E+01	4.15E+01
G[T>G]C	2.22E-16	1.36E+01	2.92E+00	2.86E+01
G[T>G]G	9.78E-07	3.79E+01	1.16E+01	8.27E+01
G[T>G]T	5.25E-02	4.35E+01	3.91E+00	3.56E+01
T[T>G]A	2.22E-16	8.21E+00	6.87E+00	9.72E+01
T[T>G]C	2.22E-16	1.41E+01	4.70E+00	6.59E+01
T[T>G]G	1.07E+01	2.96E+01	2.22E-16	1.02E+02
T[T>G]T	3.28E+01	1.84E+01	1.05E+01	1.76E+02
